filename,width,height,class,xmin,ymin,xmax,ymax
scene00781.jpeg,1280,800,terr1,651,265,842,697
scene00791.jpeg,1280,800,terr1,658,340,838,779
scene00801.jpeg,1280,800,terr2,101,295,266,718
scene00801.jpeg,1280,800,terr1,648,339,853,784
scene00826.jpeg,1280,800,terr1,638,335,856,768
scene00826.jpeg,1280,800,terr2,98,305,268,731
scene00866.jpeg,1280,800,terr1,643,339,862,772
scene00866.jpeg,1280,800,terr2,95,296,278,718
scene00876.jpeg,1280,800,terr1,601,354,816,764
scene00876.jpeg,1280,800,terr1,975,381,1093,586
scene00886.jpeg,1280,800,terr1,565,391,643,553
scene00886.jpeg,1280,800,terr1,846,387,927,509
scene00896.jpeg,1280,800,terr1,811,435,860,516
scene00896.jpeg,1280,800,terr1,573,390,628,507
scene00901.jpeg,1280,800,terr1,791,451,826,517
scene00901.jpeg,1280,800,terr1,577,419,617,509
scene00906.jpeg,1280,800,terr1,778,465,805,515
scene00906.jpeg,1280,800,terr1,573,434,612,513
scene00911.jpeg,1280,800,terr1,572,447,606,509
scene00911.jpeg,1280,800,terr1,759,468,791,519
scene00911.jpeg,1280,800,terr2,542,430,571,507
scene00916.jpeg,1280,800,terr2,550,428,595,501
scene00916.jpeg,1280,800,terr1,744,476,771,505
scene00921.jpeg,1280,800,terr2,555,445,593,505
scene00921.jpeg,1280,800,terr1,594,461,616,501
scene00921.jpeg,1280,800,terr1,731,487,755,510
scene00926.jpeg,1280,800,terr1,722,491,743,513
scene00926.jpeg,1280,800,terr1,598,469,617,509
scene00926.jpeg,1280,800,terr2,573,451,598,503
scene00936.jpeg,1280,800,terr2,577,467,605,511
scene00936.jpeg,1280,800,terr1,678,488,704,507
scene00941.jpeg,1280,800,terr2,576,457,613,505
scene00941.jpeg,1280,800,terr1,652,486,674,507
scene00946.jpeg,1280,800,terr2,576,440,616,490
scene00946.jpeg,1280,800,terr1,628,481,652,508
scene00951.jpeg,1280,800,terr1,622,478,643,502
scene00951.jpeg,1280,800,terr1,574,469,615,504
scene00956.jpeg,1280,800,terr2,546,438,602,484
scene00961.jpeg,1280,800,terr1,583,472,620,504
scene00961.jpeg,1280,800,terr2,546,445,580,487
scene00966.jpeg,1280,800,terr2,516,440,559,484
scene00966.jpeg,1280,800,terr1,574,465,619,512
scene00986.jpeg,1280,800,terr1,579,469,617,508
scene00996.jpeg,1280,800,terr1,993,269,1174,495
scene00996.jpeg,1280,800,terr1,575,465,617,501
scene01001.jpeg,1280,800,terr1,1046,352,1176,595
scene01001.jpeg,1280,800,terr1,561,453,601,507
scene01011.jpeg,1280,800,terr1,700,334,790,542
scene01011.jpeg,1280,800,terr1,1045,364,1168,600
scene01021.jpeg,1280,800,terr1,699,367,797,585
scene01021.jpeg,1280,800,terr1,1049,366,1173,600
scene01031.jpeg,1280,800,terr1,702,367,796,582
scene01031.jpeg,1280,800,terr1,1051,364,1169,601
scene01041.jpeg,1280,800,terr1,946,326,1019,475
scene01041.jpeg,1280,800,terr1,702,368,798,585
scene01041.jpeg,1280,800,terr1,1051,362,1168,599
scene01051.jpeg,1280,800,terr1,702,368,798,588
scene01051.jpeg,1280,800,terr1,947,377,1016,530
scene01051.jpeg,1280,800,terr1,1052,365,1170,600
scene01061.jpeg,1280,800,terr1,708,367,791,583
scene01061.jpeg,1280,800,terr1,948,375,1017,530
scene01061.jpeg,1280,800,terr1,1052,364,1167,597
scene01071.jpeg,1280,800,terr1,705,369,802,586
scene01071.jpeg,1280,800,terr1,947,377,1014,526
scene01071.jpeg,1280,800,terr1,1053,362,1166,597
scene01081.jpeg,1280,800,terr1,708,368,795,582
scene01081.jpeg,1280,800,terr1,945,370,1018,524
scene01081.jpeg,1280,800,terr1,1052,365,1165,596
scene01091.jpeg,1280,800,terr1,1044,364,1218,615
scene01091.jpeg,1280,800,terr1,949,375,1022,531
scene01091.jpeg,1280,800,terr1,704,367,801,582
scene01091.jpeg,1280,800,terr1,556,441,593,500
scene01096.jpeg,1280,800,terr1,1014,364,1126,645
scene01096.jpeg,1280,800,terr1,702,366,795,582
scene01096.jpeg,1280,800,terr1,948,377,1018,528
scene01096.jpeg,1280,800,terr1,563,442,596,499
scene01101.jpeg,1280,800,terr1,1016,337,1279,800
scene01101.jpeg,1280,800,terr1,952,368,1018,530
scene01101.jpeg,1280,800,terr1,706,369,796,587
scene01101.jpeg,1280,800,terr1,563,445,604,497
scene01106.jpeg,1280,800,terr1,951,380,1016,525
scene01106.jpeg,1280,800,terr1,710,375,791,577
scene01106.jpeg,1280,800,terr1,569,444,603,503
scene01111.jpeg,1280,800,terr1,719,377,791,563
scene01111.jpeg,1280,800,terr1,947,375,1019,530
scene01111.jpeg,1280,800,terr1,574,453,602,505
scene01116.jpeg,1280,800,terr1,729,385,773,527
scene01116.jpeg,1280,800,terr1,950,372,1019,530
scene01116.jpeg,1280,800,terr1,575,455,609,508
scene01121.jpeg,1280,800,terr1,720,390,761,507
scene01121.jpeg,1280,800,terr1,950,378,1017,528
scene01121.jpeg,1280,800,terr1,576,454,609,506
scene01126.jpeg,1280,800,terr1,720,419,759,505
scene01126.jpeg,1280,800,terr1,942,375,1023,527
scene01126.jpeg,1280,800,terr1,594,452,621,510
scene01131.jpeg,1280,800,terr1,615,458,643,508
scene01131.jpeg,1280,800,terr1,719,431,754,514
scene01131.jpeg,1280,800,terr1,947,375,1023,533
scene01136.jpeg,1280,800,terr1,947,385,1015,533
scene01136.jpeg,1280,800,terr1,721,447,750,508
scene01136.jpeg,1280,800,terr1,646,472,672,506
scene01141.jpeg,1280,800,terr1,902,387,991,539
scene01141.jpeg,1280,800,terr1,719,458,748,513
scene01141.jpeg,1280,800,terr1,677,479,696,505
scene01146.jpeg,1280,800,terr1,908,372,998,589
scene01146.jpeg,1280,800,terr1,718,468,745,509
scene01151.jpeg,1280,800,terr1,933,369,1059,640
scene01151.jpeg,1280,800,terr1,714,474,744,513
scene01156.jpeg,1280,800,terr1,980,331,1278,800
scene01156.jpeg,1280,800,terr1,706,483,726,511
scene01161.jpeg,1280,800,terr1,981,237,1278,795
scene01161.jpeg,1280,800,terr1,695,491,713,505
scene01161.jpeg,1280,800,terr1,717,490,730,505
scene01166.jpeg,1280,800,terr1,861,174,1278,796
scene01166.jpeg,1280,800,terr1,688,481,706,503
scene01171.jpeg,1280,800,terr1,654,479,674,501
scene01176.jpeg,1280,800,terr1,673,489,693,503
scene01176.jpeg,1280,800,terr1,627,477,651,502
scene01181.jpeg,1280,800,terr1,594,472,625,503
scene01181.jpeg,1280,800,terr1,672,485,689,507
scene01186.jpeg,1280,800,terr1,671,488,687,507
scene01186.jpeg,1280,800,terr1,575,469,599,499
scene01191.jpeg,1280,800,terr1,673,488,692,506
scene01191.jpeg,1280,800,terr1,560,471,573,486
scene01196.jpeg,1280,800,terr1,667,483,692,506
scene01201.jpeg,1280,800,terr1,667,486,690,506
scene01206.jpeg,1280,800,terr1,670,482,690,507
scene01211.jpeg,1280,800,terr1,667,482,692,507
scene01216.jpeg,1280,800,terr1,673,486,691,508
scene01221.jpeg,1280,800,terr1,565,463,579,489
scene01226.jpeg,1280,800,terr1,668,484,690,503
scene01761.jpeg,1280,800,terr1,724,404,787,487
scene01766.jpeg,1280,800,terr1,723,399,796,499
scene01771.jpeg,1280,800,terr1,656,357,723,460
scene01776.jpeg,1280,800,terr1,612,352,698,458
scene01781.jpeg,1280,800,terr1,585,362,661,476
scene01786.jpeg,1280,800,terr1,592,359,663,487
scene01791.jpeg,1280,800,terr1,567,366,659,496
scene01796.jpeg,1280,800,terr1,587,375,656,507
scene01801.jpeg,1280,800,terr1,593,381,659,511
scene01806.jpeg,1280,800,terr1,595,385,652,508
scene01811.jpeg,1280,800,terr1,598,382,664,510
scene01826.jpeg,1280,800,ct,205,271,295,479
scene01826.jpeg,1280,800,ct,1,282,99,449
scene01831.jpeg,1280,800,ct,383,295,513,554
scene01831.jpeg,1280,800,ct,253,316,369,456
scene01836.jpeg,1280,800,ct,600,297,740,586
scene01836.jpeg,1280,800,ct,494,317,571,458
scene01841.jpeg,1280,800,ct,751,318,863,625
scene01841.jpeg,1280,800,ct,613,339,678,501
scene01841.jpeg,1280,800,dead,1,503,219,603
scene01846.jpeg,1280,800,ct,685,340,792,594
scene01846.jpeg,1280,800,ct,600,359,669,510
scene01846.jpeg,1280,800,dead,1,494,246,592
scene01851.jpeg,1280,800,ct,598,355,669,558
scene01851.jpeg,1280,800,ct,535,367,603,516
scene01851.jpeg,1280,800,dead,1,485,225,568
scene01856.jpeg,1280,800,ct,562,357,628,544
scene01856.jpeg,1280,800,ct,533,367,574,492
scene01856.jpeg,1280,800,dead,50,471,252,536
scene01861.jpeg,1280,800,ct,620,362,688,541
scene01861.jpeg,1280,800,dead,210,462,370,517
scene01866.jpeg,1280,800,ct,628,372,712,542
scene01866.jpeg,1280,800,dead,215,469,384,513
scene01871.jpeg,1280,800,ct,614,372,703,556
scene01871.jpeg,1280,800,dead,208,478,373,528
scene01876.jpeg,1280,800,ct,586,380,687,558
scene01876.jpeg,1280,800,dead,181,478,356,530
scene01881.jpeg,1280,800,ct,602,393,692,554
scene01881.jpeg,1280,800,dead,210,476,380,527
scene01886.jpeg,1280,800,ct,591,415,690,555
scene01886.jpeg,1280,800,dead,218,471,386,524
scene01891.jpeg,1280,800,dead,209,470,381,515
scene01891.jpeg,1280,800,ct,596,429,690,555
scene01896.jpeg,1280,800,dead,225,437,397,488
scene01896.jpeg,1280,800,ct,609,409,694,517
scene01901.jpeg,1280,800,ct,611,382,716,550
scene01901.jpeg,1280,800,dead,194,443,375,496
scene01906.jpeg,1280,800,dead,2,401,253,480
scene01906.jpeg,1280,800,ct,584,270,694,533
scene01916.jpeg,1280,800,dead,470,358,617,464
scene01916.jpeg,1280,800,dead,222,441,667,732
scene01921.jpeg,1280,800,dead,531,370,668,484
scene01921.jpeg,1280,800,dead,301,495,828,800
scene01926.jpeg,1280,800,dead,596,341,765,482
scene01926.jpeg,1280,800,dead,414,546,785,795
scene01931.jpeg,1280,800,dead,441,212,712,401
scene01936.jpeg,1280,800,dead,135,188,503,392
scene01941.jpeg,1280,800,dead,117,196,490,405
scene01946.jpeg,1280,800,dead,266,251,586,436
scene01956.jpeg,1280,800,dead,273,412,618,585
scene01961.jpeg,1280,800,dead,746,500,1124,744
scene02056.jpeg,1280,800,ct,624,353,653,387
scene02056.jpeg,1280,800,ct,650,337,670,382
scene02061.jpeg,1280,800,ct,603,354,633,388
scene02066.jpeg,1280,800,ct,627,342,649,379
scene02071.jpeg,1280,800,terr1,643,356,672,425
scene02071.jpeg,1280,800,ct,626,366,647,416
scene02076.jpeg,1280,800,ct,624,382,649,432
scene02076.jpeg,1280,800,terr1,660,370,693,452
scene02081.jpeg,1280,800,terr1,677,365,720,463
scene02081.jpeg,1280,800,ct,639,385,666,446
scene02086.jpeg,1280,800,terr1,665,368,725,478
scene02086.jpeg,1280,800,ct,638,381,664,446
scene02091.jpeg,1280,800,terr1,659,374,723,511
scene02091.jpeg,1280,800,ct,618,389,655,471
scene02096.jpeg,1280,800,ct,608,359,662,467
scene02096.jpeg,1280,800,terr1,648,363,735,557
scene02101.jpeg,1280,800,terr1,619,357,764,631
scene02106.jpeg,1280,800,terr1,589,393,817,746
scene02111.jpeg,1280,800,dead,390,666,726,799
scene02111.jpeg,1280,800,ct,529,337,649,589
scene02111.jpeg,1280,800,ct,624,364,680,555
scene02116.jpeg,1280,800,ct,452,329,583,614
scene02116.jpeg,1280,800,ct,599,349,700,558
scene02116.jpeg,1280,800,dead,553,513,793,622
scene02121.jpeg,1280,800,ct,513,335,637,593
scene02121.jpeg,1280,800,ct,612,391,734,587
scene02126.jpeg,1280,800,ct,571,331,689,552
scene02126.jpeg,1280,800,dead,515,519,823,666
scene02131.jpeg,1280,800,dead,497,504,800,685
scene02131.jpeg,1280,800,ct,585,269,671,395
scene02131.jpeg,1280,800,ct,712,426,762,500
scene02136.jpeg,1280,800,ct,669,427,717,510
scene02136.jpeg,1280,800,ct,602,313,670,414
scene02136.jpeg,1280,800,dead,500,512,809,694
scene02141.jpeg,1280,800,dead,286,647,659,799
scene02141.jpeg,1280,800,dead,517,486,765,612
scene02141.jpeg,1280,800,ct,606,411,668,468
scene02146.jpeg,1280,800,dead,563,446,751,544
scene02146.jpeg,1280,800,dead,462,538,787,742
scene02146.jpeg,1280,800,ct,629,382,678,449
scene02151.jpeg,1280,800,dead,505,514,790,675
scene02151.jpeg,1280,800,dead,598,438,778,521
scene02151.jpeg,1280,800,ct,645,370,694,440
scene02156.jpeg,1280,800,dead,584,424,753,505
scene02156.jpeg,1280,800,dead,501,500,777,657
scene02371.jpeg,1280,800,dead,575,453,741,592
scene02376.jpeg,1280,800,dead,256,520,609,666
scene02376.jpeg,1280,800,dead,495,437,586,482
scene02381.jpeg,1280,800,dead,63,589,554,800
scene02381.jpeg,1280,800,dead,468,444,551,501
scene02386.jpeg,1280,800,dead,437,443,553,499
scene02391.jpeg,1280,800,dead,412,449,528,513
scene02396.jpeg,1280,800,dead,452,445,568,529
scene02396.jpeg,1280,800,ct,805,339,834,377
scene02401.jpeg,1280,800,ct,667,328,702,368
scene02401.jpeg,1280,800,dead,271,479,451,628
scene02406.jpeg,1280,800,dead,261,592,490,792
scene02406.jpeg,1280,800,ct,693,335,721,375
scene02411.jpeg,1280,800,ct,651,362,690,410
scene02416.jpeg,1280,800,ct,635,367,672,417
scene02421.jpeg,1280,800,ct,642,372,674,432
scene02426.jpeg,1280,800,ct,601,386,635,456
scene02431.jpeg,1280,800,ct,547,386,598,461
scene02436.jpeg,1280,800,ct,551,370,617,449
scene02441.jpeg,1280,800,ct,570,396,627,462
scene02446.jpeg,1280,800,ct,685,406,717,469
scene02451.jpeg,1280,800,ct,679,417,708,479
scene02451.jpeg,1280,800,dead,392,635,701,800
scene02456.jpeg,1280,800,dead,198,587,539,795
scene02456.jpeg,1280,800,ct,617,407,651,469
scene02461.jpeg,1280,800,ct,616,393,650,445
scene02461.jpeg,1280,800,dead,303,520,516,647
scene02466.jpeg,1280,800,dead,362,462,520,541
scene02466.jpeg,1280,800,ct,619,379,649,430
scene02471.jpeg,1280,800,ct,625,378,651,427
scene02471.jpeg,1280,800,dead,361,428,493,483
scene02551.jpeg,1280,800,dead,276,425,434,493
scene02551.jpeg,1280,800,ct,568,415,631,487
scene02556.jpeg,1280,800,ct,509,409,551,483
scene02556.jpeg,1280,800,dead,297,428,445,512
scene02561.jpeg,1280,800,dead,399,429,548,514
scene02561.jpeg,1280,800,ct,564,397,613,480
scene02566.jpeg,1280,800,ct,608,379,646,468
scene02566.jpeg,1280,800,dead,439,408,596,483
scene02571.jpeg,1280,800,dead,446,410,594,486
scene02571.jpeg,1280,800,ct,590,380,648,462
scene02576.jpeg,1280,800,ct,643,400,680,459
scene02576.jpeg,1280,800,dead,499,404,646,485
scene02581.jpeg,1280,800,dead,538,412,677,478
scene02581.jpeg,1280,800,ct,677,405,717,461
scene02586.jpeg,1280,800,ct,615,393,661,449
scene02586.jpeg,1280,800,dead,481,393,619,472
scene02591.jpeg,1280,800,dead,421,415,592,504
scene02591.jpeg,1280,800,ct,588,384,635,454
scene02601.jpeg,1280,800,dead,94,556,470,794
scene02601.jpeg,1280,800,dead,347,507,472,555
scene02606.jpeg,1280,800,ct,777,375,806,432
scene02611.jpeg,1280,800,ct,786,374,831,440
scene02616.jpeg,1280,800,ct,718,379,766,436
scene02621.jpeg,1280,800,ct,644,392,688,457
scene02626.jpeg,1280,800,ct,658,369,699,444
scene02631.jpeg,1280,800,ct,642,374,687,454
scene02636.jpeg,1280,800,ct,598,377,651,461
scene02641.jpeg,1280,800,terr1,574,340,803,713
scene02646.jpeg,1280,800,terr1,593,436,766,757
scene02646.jpeg,1280,800,ct,618,378,659,442
scene02651.jpeg,1280,800,ct,619,375,659,440
scene02651.jpeg,1280,800,terr1,609,463,744,692
scene02656.jpeg,1280,800,terr1,608,428,738,640
scene02656.jpeg,1280,800,ct,619,376,658,437
scene02661.jpeg,1280,800,terr1,602,379,708,611
scene02666.jpeg,1280,800,ct,606,367,655,439
scene02666.jpeg,1280,800,dead,612,469,817,615
scene02671.jpeg,1280,800,dead,616,542,883,626
scene02671.jpeg,1280,800,ct,599,374,633,441
scene02676.jpeg,1280,800,ct,576,371,622,449
scene02676.jpeg,1280,800,dead,614,542,876,627
scene02681.jpeg,1280,800,dead,619,540,873,621
scene02681.jpeg,1280,800,ct,563,372,606,447
scene02686.jpeg,1280,800,ct,551,375,595,453
scene02686.jpeg,1280,800,dead,620,518,853,614
scene02691.jpeg,1280,800,dead,613,528,858,604
scene02691.jpeg,1280,800,ct,543,378,588,455
scene02696.jpeg,1280,800,ct,544,379,592,456
scene02696.jpeg,1280,800,dead,612,527,861,615
scene02701.jpeg,1280,800,ct,536,379,591,466
scene02701.jpeg,1280,800,dead,610,529,863,617
scene02706.jpeg,1280,800,ct,543,380,581,470
scene02706.jpeg,1280,800,dead,612,534,871,619
scene02711.jpeg,1280,800,ct,529,376,590,481
scene02711.jpeg,1280,800,dead,615,535,877,620
scene02716.jpeg,1280,800,dead,609,544,881,629
scene02716.jpeg,1280,800,ct,526,377,596,483
scene02721.jpeg,1280,800,ct,530,379,592,478
scene02721.jpeg,1280,800,dead,620,546,889,638
scene02726.jpeg,1280,800,dead,621,549,890,651
scene02726.jpeg,1280,800,ct,525,381,592,480
scene02731.jpeg,1280,800,ct,527,374,597,479
scene02731.jpeg,1280,800,dead,630,554,876,654
scene02736.jpeg,1280,800,dead,620,554,873,662
scene02736.jpeg,1280,800,ct,530,374,590,472
scene02851.jpeg,1280,800,terr1,476,336,538,456
scene02851.jpeg,1280,800,terr1,563,346,609,437
scene02851.jpeg,1280,800,terr1,718,344,758,439
scene02851.jpeg,1280,800,terr2,654,325,705,464
scene02851.jpeg,1280,800,terr2,858,321,944,481
scene02851.jpeg,1280,800,terr1,774,356,806,427
scene02866.jpeg,1280,800,terr1,499,332,551,453
scene02866.jpeg,1280,800,terr1,588,346,626,442
scene02866.jpeg,1280,800,terr1,735,342,775,446
scene02866.jpeg,1280,800,terr1,795,353,817,425
scene02866.jpeg,1280,800,terr2,669,326,726,467
scene02866.jpeg,1280,800,terr2,881,318,969,472
scene02871.jpeg,1280,800,terr1,494,334,549,461
scene02871.jpeg,1280,800,terr1,587,349,624,439
scene02871.jpeg,1280,800,terr1,730,342,774,443
scene02871.jpeg,1280,800,terr1,794,356,820,427
scene02871.jpeg,1280,800,terr2,881,317,958,476
scene02871.jpeg,1280,800,terr2,670,328,724,466
scene02876.jpeg,1280,800,terr2,516,311,566,454
scene02876.jpeg,1280,800,terr2,721,315,783,455
scene02876.jpeg,1280,800,terr1,330,319,387,446
scene02876.jpeg,1280,800,terr1,428,333,471,430
scene02876.jpeg,1280,800,terr1,583,332,622,435
scene02876.jpeg,1280,800,terr1,640,342,665,417
scene02881.jpeg,1280,800,terr1,363,326,421,444
scene02881.jpeg,1280,800,terr1,463,333,516,430
scene02881.jpeg,1280,800,terr1,611,336,645,428
scene02881.jpeg,1280,800,terr1,661,344,689,411
scene02881.jpeg,1280,800,terr2,759,311,823,459
scene02881.jpeg,1280,800,terr2,560,320,610,456
scene02886.jpeg,1280,800,terr2,814,299,889,459
scene02886.jpeg,1280,800,terr2,978,309,1068,441
scene02886.jpeg,1280,800,terr1,578,311,644,450
scene02886.jpeg,1280,800,terr1,721,329,804,420
scene02886.jpeg,1280,800,terr1,962,334,991,415
scene02891.jpeg,1280,800,terr1,402,270,495,447
scene02891.jpeg,1280,800,terr2,717,270,798,460
scene02891.jpeg,1280,800,terr2,791,316,845,407
scene02891.jpeg,1280,800,terr1,667,325,695,394
scene02891.jpeg,1280,800,terr1,627,333,653,384
scene02891.jpeg,1280,800,terr1,700,306,729,430
scene02896.jpeg,1280,800,terr1,393,224,534,527
scene02896.jpeg,1280,800,terr1,733,283,837,457
scene02896.jpeg,1280,800,terr1,609,329,631,391
scene02896.jpeg,1280,800,terr1,564,328,585,390
scene02896.jpeg,1280,800,terr1,634,319,665,396
scene02896.jpeg,1280,800,terr1,680,321,708,392
scene02896.jpeg,1280,800,terr2,709,336,723,381
scene02896.jpeg,1280,800,terr2,886,240,1037,508
scene02901.jpeg,1280,800,terr1,459,80,1142,793
scene02906.jpeg,1280,800,terr1,628,133,1184,797
scene02906.jpeg,1280,800,terr1,434,342,461,394
scene02906.jpeg,1280,800,terr1,494,341,518,401
scene02906.jpeg,1280,800,terr1,520,341,536,401
scene02906.jpeg,1280,800,terr2,537,338,569,412
scene02906.jpeg,1280,800,terr2,567,340,590,389
scene02911.jpeg,1280,800,terr2,608,337,648,414
scene02911.jpeg,1280,800,terr2,648,337,670,386
scene02911.jpeg,1280,800,terr1,523,336,555,392
scene02911.jpeg,1280,800,terr1,574,335,600,404
scene02916.jpeg,1280,800,terr1,463,341,511,428
scene02916.jpeg,1280,800,terr1,543,343,574,393
scene02916.jpeg,1280,800,terr1,611,341,642,410
scene02916.jpeg,1280,800,terr1,598,346,612,392
scene02916.jpeg,1280,800,terr2,652,343,689,421
scene02921.jpeg,1280,800,terr2,459,337,494,415
scene02921.jpeg,1280,800,terr1,306,334,378,453
scene02921.jpeg,1280,800,terr1,401,339,430,392
scene02921.jpeg,1280,800,terr1,442,343,467,399
scene02926.jpeg,1280,800,terr1,983,358,1074,519
scene02926.jpeg,1280,800,terr1,1109,391,1177,537
scene02926.jpeg,1280,800,terr2,1176,420,1239,551
scene02931.jpeg,1280,800,terr2,786,364,810,437
scene02931.jpeg,1280,800,terr1,683,330,750,451
scene02931.jpeg,1280,800,terr1,762,343,792,443
scene02936.jpeg,1280,800,terr1,613,339,647,443
scene02936.jpeg,1280,800,terr1,651,337,675,443
scene02941.jpeg,1280,800,terr1,1205,403,1249,513
scene02941.jpeg,1280,800,terr1,1243,407,1277,513
scene02951.jpeg,1280,800,terr1,1,102,605,797
scene02971.jpeg,1280,800,terr1,555,339,588,391
scene02971.jpeg,1280,800,terr1,508,337,546,390
scene02971.jpeg,1280,800,terr2,463,333,481,374
scene02976.jpeg,1280,800,terr1,534,360,564,405
scene02981.jpeg,1280,800,terr1,672,363,704,415
scene02986.jpeg,1280,800,terr1,631,344,661,400
scene03006.jpeg,1280,800,terr1,579,320,612,377
scene03011.jpeg,1280,800,terr1,597,322,618,379
scene03011.jpeg,1280,800,terr2,583,326,602,365
scene03016.jpeg,1280,800,terr1,611,338,635,388
scene03021.jpeg,1280,800,terr1,640,358,659,406
scene03026.jpeg,1280,800,terr1,649,372,662,415
scene03026.jpeg,1280,800,terr2,641,375,651,407
scene03031.jpeg,1280,800,terr1,652,368,671,413
scene03036.jpeg,1280,800,terr1,653,372,676,419
scene03041.jpeg,1280,800,terr1,260,372,286,429
scene03041.jpeg,1280,800,terr1,659,376,675,421
scene03046.jpeg,1280,800,terr1,240,372,263,419
scene03046.jpeg,1280,800,terr1,663,375,687,418
scene03051.jpeg,1280,800,terr1,349,345,387,400
scene03051.jpeg,1280,800,terr2,788,363,813,406
scene03056.jpeg,1280,800,terr2,954,357,981,400
scene03056.jpeg,1280,800,terr1,490,346,521,399
scene03061.jpeg,1280,800,terr1,543,359,576,413
scene03061.jpeg,1280,800,terr1,1109,357,1155,431
scene03066.jpeg,1280,800,terr1,1189,359,1242,430
scene03066.jpeg,1280,800,terr1,577,354,605,419
scene03071.jpeg,1280,800,terr1,585,354,624,427
scene03076.jpeg,1280,800,terr1,620,361,668,434
scene03081.jpeg,1280,800,terr1,681,354,733,447
scene03086.jpeg,1280,800,terr1,723,347,797,475
scene03091.jpeg,1280,800,terr1,305,333,472,582
scene03096.jpeg,1280,800,terr1,231,325,486,664
scene03101.jpeg,1280,800,terr1,379,249,756,787
scene03106.jpeg,1280,800,terr1,852,259,1279,799
scene03311.jpeg,1280,800,ct,521,321,588,440
scene03311.jpeg,1280,800,ct,621,313,691,532
scene03311.jpeg,1280,800,dead,446,429,613,476
scene03316.jpeg,1280,800,ct,526,327,598,497
scene03316.jpeg,1280,800,ct,739,339,818,505
scene03316.jpeg,1280,800,dead,490,440,666,500
scene03321.jpeg,1280,800,dead,558,447,723,501
scene03321.jpeg,1280,800,ct,586,331,684,571
scene03321.jpeg,1280,800,ct,791,333,876,525
scene03321.jpeg,1280,800,ct,880,327,952,508
scene03326.jpeg,1280,800,ct,505,377,629,624
scene03326.jpeg,1280,800,ct,730,379,819,592
scene03326.jpeg,1280,800,ct,847,390,914,540
scene03326.jpeg,1280,800,dead,530,499,698,559
scene03331.jpeg,1280,800,ct,449,399,552,635
scene03331.jpeg,1280,800,ct,628,396,751,636
scene03331.jpeg,1280,800,ct,730,401,798,582
scene03331.jpeg,1280,800,ct,797,404,854,555
scene03331.jpeg,1280,800,ct,854,410,920,557
scene03336.jpeg,1280,800,ct,327,375,446,620
scene03336.jpeg,1280,800,ct,494,366,616,609
scene03336.jpeg,1280,800,ct,628,397,710,534
scene03336.jpeg,1280,800,ct,714,385,785,545
scene03341.jpeg,1280,800,ct,271,388,383,578
scene03341.jpeg,1280,800,ct,663,389,748,545
scene03341.jpeg,1280,800,dead,369,499,551,560
scene03341.jpeg,1280,800,dead,481,438,647,496
scene03346.jpeg,1280,800,dead,359,475,531,568
scene03346.jpeg,1280,800,ct,634,371,705,524
scene03346.jpeg,1280,800,ct,538,388,623,540
scene03346.jpeg,1280,800,ct,235,384,342,589
scene03351.jpeg,1280,800,ct,672,347,755,506
scene03351.jpeg,1280,800,ct,578,362,665,519
scene03351.jpeg,1280,800,dead,396,457,566,546
scene03356.jpeg,1280,800,dead,381,475,549,565
scene03356.jpeg,1280,800,dead,255,456,379,564
scene03356.jpeg,1280,800,ct,662,366,733,517
scene03361.jpeg,1280,800,dead,248,485,519,585
scene03361.jpeg,1280,800,ct,630,376,697,519
scene03361.jpeg,1280,800,ct,521,377,593,520
scene03361.jpeg,1280,800,ct,597,391,633,461
scene03366.jpeg,1280,800,dead,331,487,516,531
scene03366.jpeg,1280,800,dead,198,504,348,584
scene03366.jpeg,1280,800,dead,531,480,658,531
scene03366.jpeg,1280,800,ct,649,382,718,519
scene03366.jpeg,1280,800,ct,578,383,606,463
scene03366.jpeg,1280,800,ct,514,371,589,519
scene03371.jpeg,1280,800,ct,511,369,576,506
scene03371.jpeg,1280,800,ct,628,377,665,467
scene03371.jpeg,1280,800,ct,570,382,601,461
scene03371.jpeg,1280,800,dead,326,477,504,547
scene03371.jpeg,1280,800,dead,178,506,317,570
scene03371.jpeg,1280,800,dead,539,479,660,519
scene03376.jpeg,1280,800,dead,430,443,570,499
scene03376.jpeg,1280,800,terr1,574,326,778,717
scene03381.jpeg,1280,800,terr1,463,368,725,776
scene03381.jpeg,1280,800,dead,402,456,547,504
scene03386.jpeg,1280,800,ct,692,372,733,478
scene03386.jpeg,1280,800,terr1,517,378,696,693
scene03386.jpeg,1280,800,dead,435,459,549,503
scene03391.jpeg,1280,800,terr1,494,385,679,691
scene03391.jpeg,1280,800,ct,671,382,724,474
scene03391.jpeg,1280,800,ct,624,376,643,420
scene03391.jpeg,1280,800,dead,434,452,535,495
scene03396.jpeg,1280,800,terr1,514,377,675,689
scene03401.jpeg,1280,800,terr1,490,382,653,686
scene03406.jpeg,1280,800,terr1,473,420,651,665
scene03446.jpeg,1280,800,ct,738,359,841,569
scene03446.jpeg,1280,800,dead,508,528,672,627
scene03451.jpeg,1280,800,ct,803,370,964,592
scene03451.jpeg,1280,800,ct,601,369,695,557
scene03451.jpeg,1280,800,dead,522,517,667,610
scene03456.jpeg,1280,800,ct,646,371,761,564
scene03456.jpeg,1280,800,ct,833,368,943,599
scene03456.jpeg,1280,800,dead,521,520,656,617
scene03461.jpeg,1280,800,ct,763,362,890,592
scene03461.jpeg,1280,800,ct,874,370,1000,601
scene03461.jpeg,1280,800,ct,631,380,729,522
scene03461.jpeg,1280,800,dead,512,528,677,631
scene03466.jpeg,1280,800,dead,463,547,677,683
scene03466.jpeg,1280,800,ct,936,358,1086,633
scene03466.jpeg,1280,800,ct,778,351,935,634
scene03476.jpeg,1280,800,ct,510,333,721,701
scene03476.jpeg,1280,800,ct,823,349,963,697
scene03476.jpeg,1280,800,ct,1014,342,1199,669
scene03581.jpeg,1280,800,ct,525,289,840,692
scene03581.jpeg,1280,800,ct,529,212,640,420
scene03581.jpeg,1280,800,ct,976,202,1106,431
scene03586.jpeg,1280,800,ct,926,171,1029,370
scene03586.jpeg,1280,800,ct,449,229,891,746
scene03591.jpeg,1280,800,ct,499,164,593,388
scene03591.jpeg,1280,800,ct,860,166,1027,389
scene03591.jpeg,1280,800,ct,1051,157,1280,687
scene03591.jpeg,1280,800,ct,502,189,1039,704
scene03596.jpeg,1280,800,ct,431,90,523,327
scene03596.jpeg,1280,800,ct,623,114,671,250
scene03596.jpeg,1280,800,ct,431,40,1239,716
scene03601.jpeg,1280,800,ct,419,95,522,293
scene03601.jpeg,1280,800,ct,555,110,616,283
scene03601.jpeg,1280,800,ct,629,121,685,247
scene03606.jpeg,1280,800,ct,497,107,575,281
scene03606.jpeg,1280,800,ct,639,124,674,237
scene03611.jpeg,1280,800,dead,447,261,577,318
scene03611.jpeg,1280,800,ct,553,115,623,264
scene03611.jpeg,1280,800,ct,599,122,653,251
scene03616.jpeg,1280,800,ct,539,119,602,249
scene03616.jpeg,1280,800,dead,438,260,570,324
scene03621.jpeg,1280,800,dead,437,258,567,326
scene03621.jpeg,1280,800,ct,556,119,627,256
scene03626.jpeg,1280,800,ct,589,119,639,242
scene03626.jpeg,1280,800,dead,431,258,563,322
scene03631.jpeg,1280,800,dead,423,258,558,322
scene03636.jpeg,1280,800,dead,428,259,551,324
scene03641.jpeg,1280,800,dead,422,257,546,322
scene03646.jpeg,1280,800,dead,424,258,547,326
scene03646.jpeg,1280,800,ct,608,137,625,196
scene03661.jpeg,1280,800,dead,375,263,538,326
scene03666.jpeg,1280,800,dead,367,266,527,325
scene03671.jpeg,1280,800,ct,465,88,624,311
scene03676.jpeg,1280,800,ct,120,83,260,303
scene03681.jpeg,1280,800,ct,69,81,202,288
scene03681.jpeg,1280,800,ct,339,134,363,180
scene03681.jpeg,1280,800,dead,33,278,284,372
scene03686.jpeg,1280,800,ct,138,87,268,278
scene03686.jpeg,1280,800,ct,256,131,279,180
scene03686.jpeg,1280,800,ct,235,133,256,176
scene03691.jpeg,1280,800,ct,187,85,270,262
scene03696.jpeg,1280,800,ct,178,127,206,179
scene03696.jpeg,1280,800,ct,201,134,216,174
scene03701.jpeg,1280,800,ct,143,124,175,185
scene03706.jpeg,1280,800,ct,337,95,517,356
scene03711.jpeg,1280,800,ct,273,94,463,383
scene03716.jpeg,1280,800,dead,333,225,484,257
scene03721.jpeg,1280,800,dead,314,222,467,258
scene03721.jpeg,1280,800,ct,74,83,293,358
scene03726.jpeg,1280,800,ct,1,79,123,324
scene03826.jpeg,1280,800,ct,555,326,743,709
scene03831.jpeg,1280,800,ct,553,325,733,717
scene03836.jpeg,1280,800,ct,555,329,731,716
scene03841.jpeg,1280,800,ct,574,340,731,724
scene03846.jpeg,1280,800,ct,572,338,739,719
scene03851.jpeg,1280,800,ct,586,339,728,701
scene03856.jpeg,1280,800,ct,587,347,718,653
scene03861.jpeg,1280,800,ct,590,352,709,635
scene03866.jpeg,1280,800,ct,605,353,718,672
scene03871.jpeg,1280,800,terr1,505,301,606,522
scene03871.jpeg,1280,800,terr1,587,358,756,614
scene03871.jpeg,1280,800,terr2,864,280,888,340
scene03876.jpeg,1280,800,terr1,309,325,444,511
scene03876.jpeg,1280,800,terr1,520,361,710,587
scene03881.jpeg,1280,800,terr1,88,336,217,554
scene03881.jpeg,1280,800,terr1,596,361,672,594
scene03886.jpeg,1280,800,terr1,1,339,97,531
scene03886.jpeg,1280,800,terr1,585,361,688,577
scene03891.jpeg,1280,800,terr1,591,358,680,631
scene03896.jpeg,1280,800,terr1,587,364,675,585
scene03901.jpeg,1280,800,terr1,585,362,694,578
scene03901.jpeg,1280,800,terr2,977,381,1041,488
scene03906.jpeg,1280,800,terr2,1088,392,1212,526
scene03906.jpeg,1280,800,terr1,562,337,802,727
scene03911.jpeg,1280,800,terr1,516,313,772,775
scene03911.jpeg,1280,800,terr2,1025,366,1134,496
scene03916.jpeg,1280,800,terr2,795,296,850,347
scene03916.jpeg,1280,800,terr1,303,96,988,724
scene03921.jpeg,1280,800,terr1,311,89,955,729
scene03926.jpeg,1280,800,terr2,605,231,662,295
scene03931.jpeg,1280,800,terr2,610,229,672,316
scene03931.jpeg,1280,800,terr1,435,81,1126,713
scene03936.jpeg,1280,800,terr2,644,224,686,315
scene03936.jpeg,1280,800,terr1,484,41,1272,740
scene03941.jpeg,1280,800,terr1,456,26,1268,711
scene03946.jpeg,1280,800,terr1,463,39,1252,739
scene03951.jpeg,1280,800,terr1,448,29,1276,726
scene03956.jpeg,1280,800,terr1,421,46,1255,741
scene03966.jpeg,1280,800,terr2,915,145,1045,334
scene03971.jpeg,1280,800,terr2,971,143,1112,343
scene03976.jpeg,1280,800,terr2,1046,146,1176,337
scene03981.jpeg,1280,800,terr2,1078,147,1201,328
scene03986.jpeg,1280,800,terr2,1101,146,1200,333
scene03991.jpeg,1280,800,terr2,1166,150,1262,338
scene04061.jpeg,1280,800,ct,41,290,104,352
scene04066.jpeg,1280,800,ct,126,290,177,354
scene04071.jpeg,1280,800,ct,163,292,218,358
scene04076.jpeg,1280,800,ct,224,292,263,359
scene04081.jpeg,1280,800,ct,273,291,329,362
scene04086.jpeg,1280,800,ct,328,299,363,342
scene04116.jpeg,1280,800,ct,364,308,395,370
scene04116.jpeg,1280,800,ct,381,259,413,309
scene04116.jpeg,1280,800,dead,305,363,374,391
scene04121.jpeg,1280,800,ct,361,249,396,299
scene04126.jpeg,1280,800,ct,374,300,411,335
scene04126.jpeg,1280,800,ct,355,249,396,303
scene04131.jpeg,1280,800,dead,298,339,377,371
scene04131.jpeg,1280,800,ct,358,252,385,304
scene04131.jpeg,1280,800,ct,400,241,440,289
scene04131.jpeg,1280,800,ct,422,288,460,328
scene04136.jpeg,1280,800,ct,346,249,377,303
scene04136.jpeg,1280,800,ct,385,247,413,297
scene04136.jpeg,1280,800,ct,454,270,493,318
scene04136.jpeg,1280,800,dead,286,337,374,375
scene04141.jpeg,1280,800,ct,320,247,346,308
scene04141.jpeg,1280,800,ct,348,240,379,287
scene04141.jpeg,1280,800,ct,384,258,408,309
scene04146.jpeg,1280,800,ct,259,255,288,317
scene04146.jpeg,1280,800,ct,276,215,308,274
scene04146.jpeg,1280,800,ct,306,270,341,319
scene04151.jpeg,1280,800,ct,234,258,263,312
scene04151.jpeg,1280,800,ct,279,280,318,335
scene04151.jpeg,1280,800,ct,259,236,290,279
scene04151.jpeg,1280,800,dead,167,350,268,394
scene04156.jpeg,1280,800,ct,220,256,250,316
scene04156.jpeg,1280,800,ct,254,256,279,314
scene04156.jpeg,1280,800,ct,279,294,302,322
scene04161.jpeg,1280,800,ct,215,243,248,308
scene04161.jpeg,1280,800,ct,380,238,439,314
scene04161.jpeg,1280,800,ct,284,276,321,331
scene04161.jpeg,1280,800,ct,261,244,287,297
scene04161.jpeg,1280,800,ct,276,228,310,276
scene04166.jpeg,1280,800,ct,403,240,455,317
scene04166.jpeg,1280,800,ct,316,277,353,321
scene04166.jpeg,1280,800,ct,285,244,312,301
scene04166.jpeg,1280,800,ct,242,234,280,284
scene04166.jpeg,1280,800,ct,214,247,244,303
scene04171.jpeg,1280,800,ct,427,227,474,314
scene04171.jpeg,1280,800,ct,329,266,379,324
scene04171.jpeg,1280,800,ct,280,250,311,308
scene04171.jpeg,1280,800,ct,214,242,251,306
scene04176.jpeg,1280,800,ct,468,214,517,307
scene04176.jpeg,1280,800,ct,333,262,383,320
scene04176.jpeg,1280,800,ct,268,259,303,315
scene04176.jpeg,1280,800,ct,208,243,254,305
scene04181.jpeg,1280,800,ct,162,256,202,310
scene04181.jpeg,1280,800,ct,469,214,519,305
scene04181.jpeg,1280,800,ct,334,252,387,321
scene04181.jpeg,1280,800,ct,239,262,281,326
scene04181.jpeg,1280,800,ct,198,244,237,306
scene04186.jpeg,1280,800,ct,91,260,152,320
scene04186.jpeg,1280,800,ct,437,218,500,307
scene04186.jpeg,1280,800,ct,331,255,391,320
scene04186.jpeg,1280,800,ct,189,269,249,335
scene04186.jpeg,1280,800,ct,155,253,199,313
scene04191.jpeg,1280,800,ct,398,229,461,315
scene04191.jpeg,1280,800,ct,320,260,386,322
scene04191.jpeg,1280,800,ct,143,280,188,342
scene04191.jpeg,1280,800,ct,39,266,110,329
scene04196.jpeg,1280,800,ct,279,269,329,332
scene04196.jpeg,1280,800,ct,377,220,426,320
scene04196.jpeg,1280,800,ct,124,291,163,349
scene04196.jpeg,1280,800,ct,134,262,189,327
scene04201.jpeg,1280,800,ct,406,207,468,312
scene04201.jpeg,1280,800,ct,212,278,267,341
scene04201.jpeg,1280,800,ct,164,266,217,340
scene04201.jpeg,1280,800,ct,131,299,167,347
scene04201.jpeg,1280,800,terr2,903,88,997,282
scene04206.jpeg,1280,800,terr2,923,92,999,276
scene04206.jpeg,1280,800,ct,368,210,443,322
scene04206.jpeg,1280,800,ct,161,282,214,342
scene04206.jpeg,1280,800,ct,111,281,180,350
scene04211.jpeg,1280,800,ct,247,212,368,331
scene04211.jpeg,1280,800,ct,23,280,110,354
scene04216.jpeg,1280,800,ct,152,202,265,337
scene04216.jpeg,1280,800,ct,31,306,97,358
scene04216.jpeg,1280,800,ct,91,284,156,353
scene04221.jpeg,1280,800,ct,141,188,262,337
scene04221.jpeg,1280,800,ct,1,311,58,363
scene04221.jpeg,1280,800,ct,112,305,153,347
scene04226.jpeg,1280,800,ct,169,192,273,336
scene04226.jpeg,1280,800,ct,131,304,175,346
scene04231.jpeg,1280,800,ct,278,400,312,439
scene04231.jpeg,1280,800,ct,367,393,394,444
scene04231.jpeg,1280,800,terr1,347,175,960,719
scene04241.jpeg,1280,800,terr2,1122,361,1193,454
scene04246.jpeg,1280,800,terr2,1164,385,1238,495
scene04251.jpeg,1280,800,terr2,1165,385,1242,505
scene04256.jpeg,1280,800,terr2,1156,381,1238,497
scene04261.jpeg,1280,800,terr2,1156,389,1231,497
scene04266.jpeg,1280,800,terr2,1150,393,1231,497
scene04271.jpeg,1280,800,terr2,1143,389,1216,502
scene04276.jpeg,1280,800,terr2,1138,393,1211,496
scene04281.jpeg,1280,800,terr2,1131,394,1200,504
scene04286.jpeg,1280,800,terr2,1119,392,1199,505
scene04286.jpeg,1280,800,dead,496,469,733,766
scene04291.jpeg,1280,800,terr2,1117,392,1187,502
scene04291.jpeg,1280,800,dead,510,467,728,771
scene04296.jpeg,1280,800,dead,510,455,726,790
scene04301.jpeg,1280,800,ct,388,195,1099,731
scene04311.jpeg,1280,800,ct,12,171,115,319
scene04316.jpeg,1280,800,ct,316,164,377,289
scene04321.jpeg,1280,800,ct,328,163,400,287
scene04406.jpeg,1280,800,ct,656,171,1000,713
scene04406.jpeg,1280,800,ct,316,225,775,720
scene04411.jpeg,1280,800,ct,649,192,979,725
scene04421.jpeg,1280,800,ct,428,261,793,739
scene04426.jpeg,1280,800,ct,446,284,790,726
scene04431.jpeg,1280,800,ct,458,299,784,720
scene04436.jpeg,1280,800,ct,531,301,780,720
scene04436.jpeg,1280,800,ct,109,164,175,246
scene04441.jpeg,1280,800,ct,518,308,756,711
scene04446.jpeg,1280,800,ct,1,163,56,259
scene04451.jpeg,1280,800,ct,161,199,466,590
scene04451.jpeg,1280,800,ct,514,270,844,800
scene04451.jpeg,1280,800,ct,1,178,62,270
scene04456.jpeg,1280,800,ct,476,290,777,800
scene04461.jpeg,1280,800,dead,959,526,1280,715
scene04461.jpeg,1280,800,ct,524,314,738,782
scene04461.jpeg,1280,800,ct,672,282,873,582
scene04466.jpeg,1280,800,dead,760,376,1056,733
scene04466.jpeg,1280,800,ct,538,311,743,799
scene04471.jpeg,1280,800,ct,543,316,730,796
scene04471.jpeg,1280,800,dead,773,507,1118,756
scene04476.jpeg,1280,800,ct,77,179,164,285
scene04476.jpeg,1280,800,ct,556,322,749,763
scene04481.jpeg,1280,800,ct,559,325,750,686
scene04481.jpeg,1280,800,ct,313,180,361,261
scene04486.jpeg,1280,800,ct,542,340,708,691
scene04486.jpeg,1280,800,ct,798,185,862,265
scene04486.jpeg,1280,800,ct,61,337,348,699
scene04486.jpeg,1280,800,terr1,80,237,169,331
scene04491.jpeg,1280,800,terr1,222,233,310,319
scene04491.jpeg,1280,800,ct,965,199,1030,296
scene04491.jpeg,1280,800,ct,556,338,704,642
scene04491.jpeg,1280,800,ct,418,293,551,554
scene04491.jpeg,1280,800,dead,177,303,251,359
scene04496.jpeg,1280,800,dead,249,297,311,350
scene04496.jpeg,1280,800,terr1,292,228,359,311
scene04496.jpeg,1280,800,ct,336,317,496,544
scene04496.jpeg,1280,800,ct,556,354,735,645
scene04496.jpeg,1280,800,ct,1070,213,1141,331
scene04501.jpeg,1280,800,ct,1084,225,1165,344
scene04501.jpeg,1280,800,ct,552,351,704,607
scene04501.jpeg,1280,800,ct,1,368,303,609
scene04501.jpeg,1280,800,terr1,288,234,346,315
scene04501.jpeg,1280,800,dead,238,302,306,349
scene04506.jpeg,1280,800,dead,173,309,246,355
scene04506.jpeg,1280,800,terr1,242,241,303,321
scene04506.jpeg,1280,800,ct,511,350,705,614
scene04506.jpeg,1280,800,ct,998,234,1093,384
scene04511.jpeg,1280,800,ct,979,278,1062,424
scene04511.jpeg,1280,800,ct,554,349,690,616
scene04511.jpeg,1280,800,terr1,220,245,278,321
scene04511.jpeg,1280,800,dead,133,304,230,359
scene04516.jpeg,1280,800,ct,594,377,695,600
scene04516.jpeg,1280,800,ct,849,368,958,580
scene04516.jpeg,1280,800,terr1,218,247,280,321
scene04516.jpeg,1280,800,dead,117,309,219,357
scene04521.jpeg,1280,800,dead,153,355,245,400
scene04521.jpeg,1280,800,ct,585,363,700,610
scene04521.jpeg,1280,800,terr1,244,305,306,366
scene04526.jpeg,1280,800,terr1,267,285,315,346
scene04526.jpeg,1280,800,ct,600,378,703,555
scene04526.jpeg,1280,800,dead,172,331,264,369
scene04531.jpeg,1280,800,dead,193,278,277,311
scene04531.jpeg,1280,800,terr1,275,230,335,297
scene04531.jpeg,1280,800,ct,570,364,685,568
scene04536.jpeg,1280,800,ct,595,364,684,572
scene04536.jpeg,1280,800,dead,245,284,324,307
scene04536.jpeg,1280,800,terr1,327,233,391,301
scene04541.jpeg,1280,800,terr1,353,235,404,301
scene04541.jpeg,1280,800,ct,598,358,679,581
scene04541.jpeg,1280,800,dead,269,280,350,310
scene04546.jpeg,1280,800,dead,279,279,363,311
scene04546.jpeg,1280,800,terr1,366,236,413,302
scene04546.jpeg,1280,800,ct,576,364,711,560
scene04551.jpeg,1280,800,ct,576,364,677,560
scene04551.jpeg,1280,800,terr1,329,234,386,301
scene04551.jpeg,1280,800,dead,243,284,329,315
scene04556.jpeg,1280,800,dead,188,287,292,319
scene04556.jpeg,1280,800,terr1,293,243,348,312
scene04556.jpeg,1280,800,ct,580,362,691,544
scene04561.jpeg,1280,800,ct,595,368,708,566
scene04561.jpeg,1280,800,terr1,301,239,360,306
scene04561.jpeg,1280,800,dead,205,284,301,311
scene04566.jpeg,1280,800,dead,231,280,329,304
scene04566.jpeg,1280,800,ct,604,365,711,566
scene04566.jpeg,1280,800,terr1,316,238,392,299
scene04571.jpeg,1280,800,terr1,515,228,561,290
scene04571.jpeg,1280,800,ct,567,389,734,552
scene04571.jpeg,1280,800,ct,116,211,155,277
scene04571.jpeg,1280,800,dead,453,261,525,282
scene04571.jpeg,1280,800,dead,15,290,109,312
scene04576.jpeg,1280,800,dead,683,264,753,278
scene04576.jpeg,1280,800,dead,349,257,412,276
scene04576.jpeg,1280,800,dead,1,332,135,369
scene04576.jpeg,1280,800,terr1,753,211,787,281
scene04576.jpeg,1280,800,ct,568,392,708,560
scene04576.jpeg,1280,800,ct,429,202,464,259
scene04581.jpeg,1280,800,ct,564,390,711,551
scene04581.jpeg,1280,800,ct,491,196,521,257
scene04581.jpeg,1280,800,ct,520,208,546,254
scene04581.jpeg,1280,800,dead,71,341,230,389
scene04581.jpeg,1280,800,dead,416,255,473,279
scene04581.jpeg,1280,800,dead,746,261,825,282
scene04581.jpeg,1280,800,terr1,825,213,855,286
scene04586.jpeg,1280,800,ct,566,390,715,562
scene04586.jpeg,1280,800,ct,430,208,466,266
scene04586.jpeg,1280,800,ct,470,212,494,266
scene04586.jpeg,1280,800,terr1,788,221,835,277
scene04586.jpeg,1280,800,dead,706,257,785,284
scene04586.jpeg,1280,800,dead,354,266,424,289
scene04586.jpeg,1280,800,dead,1,374,175,426
scene04591.jpeg,1280,800,dead,622,260,693,282
scene04591.jpeg,1280,800,dead,225,293,320,320
scene04591.jpeg,1280,800,dead,1,460,91,513
scene04591.jpeg,1280,800,ct,570,387,706,564
scene04591.jpeg,1280,800,ct,333,215,368,290
scene04591.jpeg,1280,800,terr1,697,227,740,282
scene04596.jpeg,1280,800,ct,538,391,692,543
scene04596.jpeg,1280,800,ct,267,234,326,321
scene04596.jpeg,1280,800,terr1,653,224,695,276
scene04596.jpeg,1280,800,dead,578,258,645,283
scene04596.jpeg,1280,800,dead,167,314,288,340
scene04601.jpeg,1280,800,dead,527,207,597,234
scene04601.jpeg,1280,800,dead,1,253,131,310
scene04601.jpeg,1280,800,terr1,611,165,659,228
scene04601.jpeg,1280,800,ct,71,155,191,316
scene04601.jpeg,1280,800,ct,5,349,851,800
scene04606.jpeg,1280,800,ct,86,151,227,327
scene04606.jpeg,1280,800,ct,380,221,972,800
scene04606.jpeg,1280,800,terr1,614,163,653,225
scene04606.jpeg,1280,800,dead,522,211,591,233
scene04606.jpeg,1280,800,dead,1,266,121,330
scene04611.jpeg,1280,800,dead,527,206,592,232
scene04611.jpeg,1280,800,dead,1,263,170,340
scene04611.jpeg,1280,800,ct,146,153,261,321
scene04611.jpeg,1280,800,ct,483,253,813,800
scene04611.jpeg,1280,800,terr1,610,162,655,222
scene04616.jpeg,1280,800,terr1,601,167,642,224
scene04616.jpeg,1280,800,ct,238,158,320,308
scene04616.jpeg,1280,800,ct,512,263,781,800
scene04616.jpeg,1280,800,ct,150,181,222,265
scene04616.jpeg,1280,800,dead,526,205,587,230
scene04616.jpeg,1280,800,dead,80,275,268,324
scene04621.jpeg,1280,800,dead,131,263,297,301
scene04621.jpeg,1280,800,dead,500,202,555,227
scene04621.jpeg,1280,800,ct,165,182,225,260
scene04621.jpeg,1280,800,ct,256,160,329,286
scene04621.jpeg,1280,800,ct,511,295,752,797
scene04621.jpeg,1280,800,terr1,570,164,605,221
scene04626.jpeg,1280,800,dead,121,261,255,292
scene04626.jpeg,1280,800,dead,460,206,510,226
scene04626.jpeg,1280,800,ct,493,297,789,768
scene04626.jpeg,1280,800,ct,217,172,291,292
scene04626.jpeg,1280,800,ct,135,184,193,255
scene04626.jpeg,1280,800,terr1,524,166,559,217
scene04631.jpeg,1280,800,dead,401,193,454,216
scene04631.jpeg,1280,800,dead,1,238,180,283
scene04631.jpeg,1280,800,ct,437,180,759,691
scene04631.jpeg,1280,800,ct,144,154,224,276
scene04631.jpeg,1280,800,ct,47,172,97,239
scene04631.jpeg,1280,800,terr1,464,156,505,208
scene04636.jpeg,1280,800,dead,386,201,439,217
scene04636.jpeg,1280,800,dead,1,249,171,293
scene04636.jpeg,1280,800,ct,459,224,680,750
scene04636.jpeg,1280,800,ct,130,160,212,285
scene04636.jpeg,1280,800,ct,26,174,89,249
scene04636.jpeg,1280,800,terr1,449,159,488,211
scene04641.jpeg,1280,800,dead,368,204,426,224
scene04641.jpeg,1280,800,ct,509,255,712,735
scene04641.jpeg,1280,800,ct,116,165,193,276
scene04641.jpeg,1280,800,terr1,427,145,469,213
scene04646.jpeg,1280,800,dead,367,205,418,224
scene04646.jpeg,1280,800,ct,520,271,708,707
scene04646.jpeg,1280,800,terr1,428,150,463,218
scene04651.jpeg,1280,800,dead,360,204,416,230
scene04651.jpeg,1280,800,ct,487,279,701,689
scene04651.jpeg,1280,800,terr1,429,155,468,209
scene04656.jpeg,1280,800,dead,361,209,414,226
scene04656.jpeg,1280,800,dead,414,325,599,418
scene04656.jpeg,1280,800,ct,473,329,697,658
scene04656.jpeg,1280,800,terr1,430,172,463,224
scene04661.jpeg,1280,800,terr2,513,276,797,715
scene04661.jpeg,1280,800,dead,297,193,368,217
scene04661.jpeg,1280,800,dead,242,191,310,214
scene04661.jpeg,1280,800,dead,569,228,656,264
scene04661.jpeg,1280,800,dead,569,213,630,235
scene04666.jpeg,1280,800,terr2,514,276,794,711
scene04666.jpeg,1280,800,dead,258,194,312,214
scene04666.jpeg,1280,800,dead,312,194,386,214
scene04666.jpeg,1280,800,dead,578,233,672,262
scene04666.jpeg,1280,800,dead,575,210,643,237
scene04671.jpeg,1280,800,terr2,520,276,796,718
scene04671.jpeg,1280,800,terr1,98,142,187,313
scene04671.jpeg,1280,800,dead,276,193,328,211
scene04671.jpeg,1280,800,dead,588,228,675,266
scene04671.jpeg,1280,800,dead,588,211,650,235
scene04671.jpeg,1280,800,dead,321,192,394,213
scene04676.jpeg,1280,800,terr2,517,279,792,717
scene04676.jpeg,1280,800,terr1,219,142,278,274
scene04676.jpeg,1280,800,dead,286,194,334,207
scene04676.jpeg,1280,800,dead,593,230,678,269
scene04676.jpeg,1280,800,dead,596,211,656,234
scene04676.jpeg,1280,800,dead,330,194,401,212
scene04681.jpeg,1280,800,terr2,511,281,792,711
scene04681.jpeg,1280,800,terr1,301,134,364,254
scene04681.jpeg,1280,800,dead,600,225,684,266
scene04681.jpeg,1280,800,dead,595,208,660,233
scene04681.jpeg,1280,800,dead,349,192,403,216
scene04686.jpeg,1280,800,terr2,516,289,793,715
scene04686.jpeg,1280,800,terr1,361,139,405,233
scene04686.jpeg,1280,800,dead,297,194,345,212
scene04686.jpeg,1280,800,dead,600,214,660,243
scene04686.jpeg,1280,800,dead,600,235,693,268
scene04691.jpeg,1280,800,terr2,522,283,791,710
scene04691.jpeg,1280,800,terr1,372,142,415,226
scene04691.jpeg,1280,800,dead,295,193,347,211
scene04691.jpeg,1280,800,dead,600,233,684,265
scene04691.jpeg,1280,800,dead,597,213,669,240
scene04696.jpeg,1280,800,terr2,6,29,1200,745
scene04701.jpeg,1280,800,terr2,384,168,1092,704
scene04706.jpeg,1280,800,terr2,367,130,1196,708
scene04746.jpeg,1280,800,terr1,910,365,959,452
scene04746.jpeg,1280,800,dead,848,446,923,476
scene04746.jpeg,1280,800,dead,879,462,991,490
scene04751.jpeg,1280,800,terr1,984,354,1043,468
scene04751.jpeg,1280,800,dead,859,442,937,472
scene04751.jpeg,1280,800,dead,881,461,989,491
scene04766.jpeg,1280,800,terr1,941,357,1028,471
scene04766.jpeg,1280,800,dead,885,453,1000,488
scene04766.jpeg,1280,800,dead,855,442,941,466
scene04771.jpeg,1280,800,terr1,863,363,916,443
scene04771.jpeg,1280,800,dead,869,451,1006,491
scene04771.jpeg,1280,800,dead,872,438,947,462
scene04776.jpeg,1280,800,dead,877,456,996,494
scene04786.jpeg,1280,800,terr1,359,421,440,621
scene04786.jpeg,1280,800,terr1,796,468,868,676
scene04786.jpeg,1280,800,terr1,1189,440,1280,733
scene04786.jpeg,1280,800,terr2,540,430,683,739
scene04791.jpeg,1280,800,terr1,372,370,480,581
scene04791.jpeg,1280,800,terr1,794,422,872,578
scene04791.jpeg,1280,800,terr1,1,300,242,765
scene04791.jpeg,1280,800,terr1,1105,287,1277,800
scene04791.jpeg,1280,800,terr2,568,350,692,567
scene04796.jpeg,1280,800,terr1,370,371,475,579
scene04796.jpeg,1280,800,terr1,787,426,870,583
scene04796.jpeg,1280,800,terr1,3,300,245,800
scene04796.jpeg,1280,800,terr1,1142,364,1280,780
scene04796.jpeg,1280,800,terr2,569,355,702,672
scene04801.jpeg,1280,800,terr1,368,371,484,577
scene04801.jpeg,1280,800,terr1,794,420,875,605
scene04801.jpeg,1280,800,terr1,3,303,237,800
scene04801.jpeg,1280,800,terr2,573,358,702,686
scene04806.jpeg,1280,800,terr1,778,396,859,595
scene04806.jpeg,1280,800,terr1,364,351,477,562
scene04806.jpeg,1280,800,terr1,1088,343,1277,800
scene04806.jpeg,1280,800,terr1,3,280,218,800
scene04806.jpeg,1280,800,terr2,560,334,694,653
scene04811.jpeg,1280,800,terr1,839,267,1078,683
scene04811.jpeg,1280,800,terr1,26,306,203,563
scene04811.jpeg,1280,800,terr1,555,357,636,545
scene04811.jpeg,1280,800,terr2,314,281,480,626
scene04816.jpeg,1280,800,terr1,690,255,926,700
scene04816.jpeg,1280,800,terr1,437,339,519,532
scene04816.jpeg,1280,800,terr2,141,258,346,632
scene04821.jpeg,1280,800,terr1,434,346,522,545
scene04821.jpeg,1280,800,terr1,688,263,918,714
scene04821.jpeg,1280,800,terr2,138,268,354,640
scene04826.jpeg,1280,800,terr1,14,263,185,525
scene04826.jpeg,1280,800,terr1,543,317,634,504
scene04826.jpeg,1280,800,terr1,799,228,1064,681
scene04826.jpeg,1280,800,terr2,291,239,477,586
scene04831.jpeg,1280,800,terr2,303,238,479,588
scene04831.jpeg,1280,800,terr1,830,228,1063,650
scene04831.jpeg,1280,800,terr1,553,316,635,507
scene04831.jpeg,1280,800,terr1,30,269,195,512
scene04836.jpeg,1280,800,terr1,548,315,636,505
scene04836.jpeg,1280,800,terr1,829,226,1067,633
scene04836.jpeg,1280,800,terr1,35,262,185,517
scene04836.jpeg,1280,800,terr2,297,241,470,585
scene04841.jpeg,1280,800,terr2,303,238,479,578
scene04891.jpeg,1280,800,terr2,300,238,477,586
scene04896.jpeg,1280,800,terr2,302,236,469,580
scene04916.jpeg,1280,800,terr1,554,314,635,506
scene04916.jpeg,1280,800,terr1,831,226,1068,646
scene04916.jpeg,1280,800,terr1,14,261,190,516
scene04916.jpeg,1280,800,terr2,303,240,484,583
scene04921.jpeg,1280,800,terr1,827,227,1063,653
scene04921.jpeg,1280,800,terr1,554,318,635,507
scene04921.jpeg,1280,800,terr1,27,262,190,519
scene04921.jpeg,1280,800,terr2,301,241,462,584
scene04926.jpeg,1280,800,terr1,645,318,728,508
scene04926.jpeg,1280,800,terr1,181,264,320,495
scene04926.jpeg,1280,800,terr1,929,219,1223,663
scene04926.jpeg,1280,800,terr2,421,252,570,572
scene04931.jpeg,1280,800,terr1,598,236,848,627
scene04931.jpeg,1280,800,terr1,972,253,1163,486
scene04931.jpeg,1280,800,terr1,1,269,81,426
scene04936.jpeg,1280,800,terr1,639,252,997,615
scene04936.jpeg,1280,800,terr1,730,259,830,459
scene04941.jpeg,1280,800,terr1,367,236,485,426
scene04941.jpeg,1280,800,terr1,492,240,600,404
scene04941.jpeg,1280,800,terr1,954,325,1051,476
scene04941.jpeg,1280,800,terr1,1125,355,1277,584
scene04941.jpeg,1280,800,terr1,601,257,823,744
scene04941.jpeg,1280,800,terr1,595,251,734,503
scene04941.jpeg,1280,800,terr2,786,251,948,472
scene04946.jpeg,1280,800,terr1,344,274,413,434
scene04946.jpeg,1280,800,terr1,430,272,486,412
scene04946.jpeg,1280,800,terr1,334,300,542,563
scene04946.jpeg,1280,800,terr1,926,364,986,501
scene04946.jpeg,1280,800,terr1,862,357,930,477
scene04946.jpeg,1280,800,terr1,540,288,667,472
scene04946.jpeg,1280,800,terr2,621,311,776,483
scene04951.jpeg,1280,800,terr1,36,318,280,513
scene04951.jpeg,1280,800,terr1,484,310,625,458
scene04951.jpeg,1280,800,terr1,839,385,896,503
scene04951.jpeg,1280,800,terr1,361,306,415,467
scene04951.jpeg,1280,800,terr1,310,291,372,441
scene04951.jpeg,1280,800,terr1,381,291,458,410
scene04951.jpeg,1280,800,terr2,693,364,812,512
scene04956.jpeg,1280,800,terr1,178,326,321,557
scene04956.jpeg,1280,800,terr1,621,341,700,479
scene04956.jpeg,1280,800,terr1,820,381,879,482
scene04956.jpeg,1280,800,terr1,676,349,733,446
scene04956.jpeg,1280,800,terr1,296,293,412,421
scene04956.jpeg,1280,800,terr1,361,287,430,408
scene04956.jpeg,1280,800,terr1,1,318,69,525
scene04956.jpeg,1280,800,terr2,865,402,987,546
scene04961.jpeg,1280,800,terr1,458,303,547,417
scene04961.jpeg,1280,800,terr1,653,305,748,424
scene04961.jpeg,1280,800,terr1,969,369,1038,452
scene04961.jpeg,1280,800,terr1,292,308,370,433
scene04961.jpeg,1280,800,terr1,172,321,308,487
scene04961.jpeg,1280,800,terr1,23,349,238,599
scene04961.jpeg,1280,800,terr1,977,393,1062,526
scene04961.jpeg,1280,800,terr2,121,312,236,456
scene04966.jpeg,1280,800,terr1,885,337,945,452
scene04966.jpeg,1280,800,terr1,589,335,677,468
scene04966.jpeg,1280,800,terr1,460,344,561,524
scene04966.jpeg,1280,800,terr2,763,342,879,470
scene04971.jpeg,1280,800,terr2,1137,341,1280,523
scene04971.jpeg,1280,800,terr1,531,341,611,475
scene04971.jpeg,1280,800,terr1,644,335,710,447
scene04971.jpeg,1280,800,terr1,1010,343,1091,479
scene04971.jpeg,1280,800,terr1,1070,347,1159,491
scene04976.jpeg,1280,800,terr2,367,315,387,362
scene04976.jpeg,1280,800,terr1,500,333,576,459
scene04976.jpeg,1280,800,terr1,599,330,670,444
scene04976.jpeg,1280,800,terr1,1029,337,1110,474
scene04976.jpeg,1280,800,terr1,1099,340,1189,490
scene04981.jpeg,1280,800,terr2,926,324,1046,461
scene04981.jpeg,1280,800,terr1,648,311,706,445
scene04981.jpeg,1280,800,terr1,596,317,658,443
scene04986.jpeg,1280,800,terr2,968,353,1054,477
scene04986.jpeg,1280,800,terr1,554,230,616,376
scene04986.jpeg,1280,800,terr1,496,229,562,376
scene04986.jpeg,1280,800,terr1,1168,342,1249,478
scene04986.jpeg,1280,800,terr1,1130,315,1193,383
scene04991.jpeg,1280,800,terr2,1090,383,1185,502
scene04991.jpeg,1280,800,terr1,592,233,656,341
scene04991.jpeg,1280,800,terr1,517,227,598,342
scene04991.jpeg,1280,800,terr1,1108,314,1172,385
scene04991.jpeg,1280,800,terr1,1186,366,1278,466
scene04996.jpeg,1280,800,terr1,736,327,810,455
scene04996.jpeg,1280,800,terr1,672,326,750,462
scene05001.jpeg,1280,800,terr1,771,360,829,459
scene05001.jpeg,1280,800,terr1,697,350,752,451
scene05001.jpeg,1280,800,terr1,1238,299,1279,411
scene05006.jpeg,1280,800,terr1,727,286,831,444
scene05006.jpeg,1280,800,terr1,813,288,898,455
scene05011.jpeg,1280,800,terr1,491,314,528,391
scene05011.jpeg,1280,800,terr1,541,317,571,386
scene05016.jpeg,1280,800,terr1,643,318,684,392
scene05016.jpeg,1280,800,terr1,689,317,720,389
scene05021.jpeg,1280,800,terr1,680,315,717,394
scene05021.jpeg,1280,800,terr1,714,316,746,389
scene05026.jpeg,1280,800,terr1,634,321,665,395
scene05026.jpeg,1280,800,terr1,653,322,680,390
scene05031.jpeg,1280,800,terr1,1,314,40,411
scene05036.jpeg,1280,800,terr1,128,256,178,337
scene05036.jpeg,1280,800,terr1,8,253,56,340
scene05041.jpeg,1280,800,terr1,322,260,361,330
scene05041.jpeg,1280,800,terr1,191,258,229,333
scene05046.jpeg,1280,800,terr1,385,272,420,343
scene05046.jpeg,1280,800,terr1,231,272,263,343
scene05051.jpeg,1280,800,terr1,444,305,471,369
scene05051.jpeg,1280,800,terr1,288,302,341,367
scene05056.jpeg,1280,800,terr1,401,326,460,390
scene05056.jpeg,1280,800,terr1,534,325,559,391
scene05061.jpeg,1280,800,terr1,576,295,614,368
scene05061.jpeg,1280,800,terr1,521,332,572,397
scene05061.jpeg,1280,800,terr1,700,131,1280,797
scene05066.jpeg,1280,800,terr1,685,324,739,399
scene05066.jpeg,1280,800,terr1,728,294,768,342
scene05071.jpeg,1280,800,terr1,725,321,764,397
scene05071.jpeg,1280,800,terr1,768,296,808,360
scene05076.jpeg,1280,800,terr1,867,280,910,356
scene05076.jpeg,1280,800,terr1,786,300,835,372
scene05081.jpeg,1280,800,terr1,778,277,822,349
scene05081.jpeg,1280,800,terr1,1153,313,1280,495
scene05081.jpeg,1280,800,terr1,834,272,879,343
scene05086.jpeg,1280,800,terr1,984,334,1083,479
scene05086.jpeg,1280,800,terr1,713,266,755,338
scene05086.jpeg,1280,800,terr1,690,303,722,357
scene05091.jpeg,1280,800,terr1,1167,339,1280,507
scene05091.jpeg,1280,800,terr1,725,316,755,381
scene05091.jpeg,1280,800,terr1,699,337,728,386
scene05096.jpeg,1280,800,terr1,754,278,786,350
scene05101.jpeg,1280,800,terr1,795,290,827,336
scene05106.jpeg,1280,800,terr1,819,331,849,367
scene05151.jpeg,1280,800,terr1,701,359,719,402
scene05156.jpeg,1280,800,terr1,786,394,816,458
scene05156.jpeg,1280,800,terr1,685,356,704,397
scene05161.jpeg,1280,800,terr1,671,356,695,399
scene05161.jpeg,1280,800,terr1,771,395,815,467
scene05166.jpeg,1280,800,terr1,754,399,792,499
scene05166.jpeg,1280,800,terr1,645,369,674,410
scene05171.jpeg,1280,800,terr1,736,404,792,533
scene05176.jpeg,1280,800,terr1,710,371,812,597
scene05181.jpeg,1280,800,terr1,686,322,943,800
scene05186.jpeg,1280,800,terr1,608,278,1015,776
scene05486.jpeg,1280,800,terr1,564,340,589,376
scene05491.jpeg,1280,800,terr1,556,342,577,381
scene05506.jpeg,1280,800,ct,583,359,598,393
scene05506.jpeg,1280,800,ct,558,344,571,379
scene05511.jpeg,1280,800,ct,622,376,639,403
scene05511.jpeg,1280,800,ct,595,361,609,394
scene05636.jpeg,1280,800,ct,588,366,666,476
scene05641.jpeg,1280,800,ct,645,336,749,492
scene05646.jpeg,1280,800,ct,508,378,601,545
scene05651.jpeg,1280,800,ct,706,341,785,526
scene05656.jpeg,1280,800,ct,581,370,660,557
scene05661.jpeg,1280,800,ct,594,346,673,528
scene05666.jpeg,1280,800,ct,627,349,710,535
scene05671.jpeg,1280,800,ct,631,364,715,561
scene05676.jpeg,1280,800,ct,590,346,698,589
scene05681.jpeg,1280,800,ct,569,304,703,625
scene05686.jpeg,1280,800,ct,484,277,712,800
scene05691.jpeg,1280,800,ct,487,291,723,800
scene05696.jpeg,1280,800,terr1,490,340,779,800
scene05701.jpeg,1280,800,terr1,491,385,739,800
scene05706.jpeg,1280,800,terr1,521,472,709,792
scene05706.jpeg,1280,800,ct,593,363,690,504
scene05711.jpeg,1280,800,terr1,564,412,713,731
scene05726.jpeg,1280,800,ct,571,372,698,527
scene05731.jpeg,1280,800,ct,509,369,614,534
scene05731.jpeg,1280,800,dead,567,519,736,622
scene05736.jpeg,1280,800,dead,561,520,743,616
scene05736.jpeg,1280,800,ct,458,374,574,538
scene05741.jpeg,1280,800,ct,415,369,538,529
scene05741.jpeg,1280,800,dead,520,601,899,727
scene05746.jpeg,1280,800,dead,534,602,917,716
scene05746.jpeg,1280,800,ct,465,367,543,522
scene05751.jpeg,1280,800,ct,451,379,548,502
scene05751.jpeg,1280,800,dead,539,600,915,716
scene05756.jpeg,1280,800,ct,448,378,556,491
scene05761.jpeg,1280,800,ct,465,374,554,486
scene05761.jpeg,1280,800,dead,565,562,884,662
scene05766.jpeg,1280,800,ct,477,377,549,481
scene05766.jpeg,1280,800,dead,572,544,845,656
scene05771.jpeg,1280,800,ct,475,376,541,472
scene05771.jpeg,1280,800,dead,575,553,817,668
scene05776.jpeg,1280,800,ct,500,378,544,469
scene05776.jpeg,1280,800,dead,577,547,795,679
scene05781.jpeg,1280,800,ct,509,380,558,460
scene05781.jpeg,1280,800,dead,578,552,774,684
scene05786.jpeg,1280,800,ct,516,381,551,453
scene05786.jpeg,1280,800,dead,572,552,767,688
scene05791.jpeg,1280,800,ct,514,381,548,449
scene05791.jpeg,1280,800,dead,563,556,769,695
scene05796.jpeg,1280,800,dead,1034,516,1117,547
scene05796.jpeg,1280,800,ct,627,442,672,515
scene05801.jpeg,1280,800,ct,630,443,678,520
scene05801.jpeg,1280,800,dead,1017,519,1093,552
scene05806.jpeg,1280,800,ct,605,459,652,540
scene05806.jpeg,1280,800,dead,953,536,1000,564
scene05811.jpeg,1280,800,ct,576,471,630,554
scene05816.jpeg,1280,800,ct,563,474,620,577
scene05826.jpeg,1280,800,terr2,591,369,630,426
scene05831.jpeg,1280,800,terr2,581,359,618,425
scene06151.jpeg,1280,800,terr1,629,203,697,312
scene06156.jpeg,1280,800,terr1,647,213,703,345
scene06161.jpeg,1280,800,terr1,626,321,677,440
scene06166.jpeg,1280,800,terr1,526,341,636,424
scene06171.jpeg,1280,800,terr1,537,302,622,344
scene06176.jpeg,1280,800,terr1,535,301,645,344
scene06181.jpeg,1280,800,terr1,537,296,643,345
scene06186.jpeg,1280,800,terr1,464,277,603,332
scene06191.jpeg,1280,800,terr1,451,274,563,328
scene06196.jpeg,1280,800,terr1,463,284,575,336
scene06201.jpeg,1280,800,terr1,514,212,601,302
scene06206.jpeg,1280,800,terr1,478,197,608,279
